﻿<?xml version="1.0" encoding="utf-8"?>

<Deployment xmlns="http://schemas.microsoft.com/windowsphone/2009/deployment" AppPlatformVersion="7.1">
  <App xmlns="" ProductID="{1009dd75-9bef-4b08-9d0a-7518dafd777a}" Title="Day #11 - Live Tiles" RuntimeType="Silverlight" Version="1.0.0.0" Genre="apps.normal"  Author="Jeff Blankenburg" Description="Sample description" Publisher="Jeff Blankenburg">
    <IconPath IsRelative="true" IsResource="false">Day11-SmallMobileAppTile.png</IconPath>
    <Capabilities>
      <Capability Name="ID_CAP_GAMERSERVICES"/>
      <Capability Name="ID_CAP_IDENTITY_DEVICE"/>
      <Capability Name="ID_CAP_IDENTITY_USER"/>
      <Capability Name="ID_CAP_LOCATION"/>
      <Capability Name="ID_CAP_MEDIALIB"/>
      <Capability Name="ID_CAP_MICROPHONE"/>
      <Capability Name="ID_CAP_NETWORKING"/>
      <Capability Name="ID_CAP_PHONEDIALER"/>
      <Capability Name="ID_CAP_PUSH_NOTIFICATION"/>
      <Capability Name="ID_CAP_SENSORS"/>
      <Capability Name="ID_CAP_WEBBROWSERCOMPONENT"/>
      <Capability Name="ID_CAP_ISV_CAMERA"/>
      <Capability Name="ID_CAP_CONTACTS"/>
      <Capability Name="ID_CAP_APPOINTMENTS"/>
    </Capabilities>
    <Tasks>
      <DefaultTask  Name ="_default" NavigationPage="MainPage.xaml"/>
    </Tasks>
<Tokens>
  <PrimaryToken TokenID="Day11_LiveTilesToken" TaskName="_default">
    <TemplateType5>
      <BackgroundImageURI IsRelative="true" IsResource="false">Day11-LargeMobileAppTile.png</BackgroundImageURI>
      <Count>0</Count>
      <Title></Title>
    </TemplateType5>
  </PrimaryToken>
</Tokens>
  </App>
</Deployment>
